<?xml version="1.0" encoding="UTF-8"?>
<beans xmlns="http://www.springframework.org/schema/beans"
	xmlns:xsi="http://www.w3.org/2001/XMLSchema-instance" 
	xmlns:context="http://www.springframework.org/schema/context"
	xmlns:aop="http://www.springframework.org/schema/aop"
	xmlns:mvc="http://www.springframework.org/schema/mvc"
	xsi:schemaLocation="
		http://www.springframework.org/schema/beans
    	http://www.springframework.org/schema/beans/spring-beans.xsd
    	http://www.springframework.org/schema/context
    	http://www.springframework.org/schema/context/spring-context.xsd
    	http://www.springframework.org/schema/mvc
        http://www.springframework.org/schema/mvc/spring-mvc.xsd
        http://www.springframework.org/schema/aop   
    	http://www.springframework.org/schema/aop/spring-aop-3.0.xsd">

	<!-- Add support for component scanning -->
	<context:component-scan base-package="com.maventest" />

	<!--Add support for conversion, formatting and validation -->
	<mvc:annotation-driven />
 	<aop:aspectj-autoproxy />
	<bean id="viewResolver"
		class="org.springframework.web.servlet.view.InternalResourceViewResolver">
		<property name="prefix" value="/WEB-INF/jsp/"></property>
		<property name="suffix" value=".jsp"></property>
	</bean>

	<bean id="ds"
		class="org.springframework.jdbc.datasource.DriverManagerDataSource">
		<property name="driverClassName" value="com.mysql.jdbc.Driver"></property>
		<property name="url" value="jdbc:mysql://localhost:3306/springdb"></property>
		<property name="username" value="root"></property>
		<property name="password" value="12345"></property>
	</bean>

	<bean id="jt" class="org.springframework.jdbc.core.JdbcTemplate">
		<property name="dataSource" ref="ds"></property>
	</bean>

	<bean id="dao" class="com.maventest.project.dao.EmpDao">
		<property name="template" ref="jt"></property>
	</bean>
 	<bean id="logging" class="com.maventest.project.logging.AopLogging" />
</beans>
